{
	"createPolicyInput": {
		"action": "PROGRESS",
		"movementCode": "HCTREN",
		"callingSystemIdentifier": "CLAIM",
		"effectiveDate": "1957-08-13",
		"policy": {
			"id": 0,
			"coverset": {
				"code": "000",
				"name": "",
				"studentAgeLimit": 0,
				"coverList": {
					"Cover": [
						{
							"code": "000",
							"name": "",
							"mandatory": "Y",
							"selected": "N",
							"premium": {
								"netSubsidy": 3.141590118408203125,
								"netDeduction": 3.141590118408203125,
								"taxRelief": 3.141590118408203125,
								"lcrAmount": 3.141590118408203125,
								"discount": 3.141590118408203125,
								"netPayment": 3.141590118408203125,
								"grossSubsidy": 3.141590118408203125,
								"grossPremium": 3.141590118408203125,
								"nettPremium": 3.141590118408203125,
								"discountLoyalty": 3.141590118408203125,
								"discountOnline": 3.141590118408203125,
								"discountPayment": 3.141590118408203125
							}
						}
					]
				},
				"discount": {
					"percentage": 0,
					"reason": "String"
				},
				"keyBenefitList": {
					"KeyBenefit": [
						{
							"cohort": "",
							"product": "HST",
							"coversetCode": "000",
							"coversetName": "",
							"geoCoverage": "0",
							"priority": 0,
							"sectionHeading": "",
							"sectionContent": "",
							"imageCode": ""
						}
					]
				},
				"apmBenefitList": {
					"APMBenefit": [
						{
							"id": 0,
							"type": "0",
							"description": "",
							"banding": "",
							"name": "0"
						}
					]
				}
			},
			"startDate": "1957-08-13",
			"termStartDate": "1957-08-13",
			"termEndDate": "1957-08-13",
			"endDate": "1957-08-13",
			"renewalDate": "1957-08-13",
			"dynamicDaysBeforeRenewal": 0,
			"dynamicDaysAfterRenewal": 0,
			"projectedEndDate": "1957-08-13",
			"coolOffDate": "1957-08-13",
			"regressionCutOffDate": "1957-08-13",
			"webRenewalStartDate": "1957-08-13",
			"webRenewalEndDate": "1957-08-13",
			"lockedInWIPIndicator": "Y",
			"customPolProcIndicator": "N",
			"scheme": {
				"id": 0,
				"token": "",
				"name": "",
				"groupName": "",
				"startDate": "1957-08-13",
				"renewalDate": "1957-08-13",
				"policyRenewalDate": "1957-08-13",
				"earliestStartDate": "1957-08-13",
				"latestEndDate": "1957-08-13",
				"earliestPolicyCreationDate": "1957-08-13",
				"latestPolicyCreationDate": "1957-08-13",
				"webRenewalStartDate": "1957-08-13",
				"webRenewalEndDate": "1957-08-13",
				"suspensionInd": "Y",
				"deduction": "N",
				"subsidy": "N",
				"secApprovalRequiredInd": "N",
				"webNotificationType": "0",
				"webAvailableInd": "Y",
				"webCustomEnrolementInd": "Y",
				"vhiOnlineDoctorInd": "Y",
				"changesEffectiveRenewalDateInd": "N",
				"schemePartners": {
					"SchemePartner": [
						{
							"roleType": "0",
							"roleDescription": "",
							"id": 0,
							"fullName": "",
							"address": {
								"id": 0,
								"line1": "aaa",
								"line2": "aaa",
								"line3": "a",
								"line4": "a",
								"line5": "a",
								"postcode": {
									"internalValue": "0",
									"screenValue": ""
								},
								"country": {
									"internalValue": "0",
									"screenValue": ""
								},
								"homeCountry": {
									"internalValue": "0",
									"screenValue": ""
								},
								"countryOfResidence": {
									"internalValue": "0",
									"screenValue": ""
								}
							},
							"mobilePhone": "",
							"workPhone": "",
							"emailAddress": "aaaaa"
						}
					]
				},
				"categoryList": {
					"Category": [
						{
							"id": 0,
							"token": "",
							"name": "aaa",
							"closedDate": "1957-08-13",
							"webCategoryName": "",
							"webRenewalInd": "Y",
							"webAvailableInd": "N",
							"memberReferenceLabel": "",
							"memberRefMandatoryInd": "N",
							"memberReferenceFormat": "",
							"costCentreLabel": "",
							"costCentreMandatoryInd": "N",
							"costCentreFormat": "",
							"newBusiness": "Y",
							"midTermAdjustment": "N",
							"productList": {
								"Product": [
									{
										"name": "",
										"insuranceProduct": "",
										"categoryId": 0,
										"productVersion": 0,
										"versionNo": 0,
										"fromDate": "1957-08-13",
										"toDate": "1957-08-13",
										"subsidyBasis": "",
										"subsidyAvailableIndicator": "Y",
										"childAgeLimit": 0,
										"profileList": {
											"Profile": [
												{
													"membership": "MEMBER",
													"recover": "Y",
													"coversetList": {
													},
													"subsidyList": {
													},
													"relationshipList": {
													},
													"lcrSubsidyIndicator": "Y"
												}
											]
										}
									}
								]
							}
						}
					]
				}
			},
			"category": {
				"id": 0,
				"token": "",
				"name": "aaa",
				"closedDate": "1957-08-13",
				"webCategoryName": "",
				"webRenewalInd": "Y",
				"webAvailableInd": "N",
				"memberReferenceLabel": "",
				"memberRefMandatoryInd": "N",
				"memberReferenceFormat": "",
				"costCentreLabel": "",
				"costCentreMandatoryInd": "Y",
				"costCentreFormat": "",
				"newBusiness": "Y",
				"midTermAdjustment": "Y",
				"productList": {
					"Product": [
						{
							"name": "",
							"insuranceProduct": "",
							"categoryId": 0,
							"productVersion": 0,
							"versionNo": 0,
							"fromDate": "1957-08-13",
							"toDate": "1957-08-13",
							"subsidyBasis": "",
							"subsidyAvailableIndicator": "N",
							"childAgeLimit": 0,
							"profileList": {
								"Profile": [
									{
										"membership": "SPOUSE",
										"recover": "N",
										"coversetList": {
											"Coverset": [
												{
													"code": "000",
													"name": "",
													"studentAgeLimit": 0,
													"coverList": {
													},
													"discount": {
														"percentage": 0,
														"reason": "String"
													},
													"keyBenefitList": {
													},
													"apmBenefitList": {
													}
												}
											]
										},
										"subsidyList": {
											"Subsidy": [
												{
													"lifestage": "STUDENT",
													"rate": 0,
													"maxPeople": 0,
													"amount": 3.141590118408203125,
													"product": "",
													"coverset": {
													}
												}
											]
										},
										"relationshipList": {
											"Relationship": [
												{
													"name": "",
													"code": "EMPE"
												}
											]
										},
										"lcrSubsidyIndicator": "N"
									}
								]
							}
						}
					]
				}
			},
			"type": "GLB",
			"partnerList": {
				"InsuredPerson": [
					{
						"id": 0,
						"personIdentifier": "00000000-0000-1000-8000-000000000000",
						"title": {
							"internalValue": "0",
							"screenValue": ""
						},
						"firstName": "",
						"middleName": "",
						"lastName": "",
						"fullName": "",
						"gender": "Male",
						"dateOfBirth": "1957-08-13",
						"age": 0,
						"primaryAddress": {
							"id": 0,
							"line1": "aaa",
							"line2": "aaa",
							"line3": "a",
							"line4": "a",
							"line5": "a",
							"postcode": {
								"internalValue": "0",
								"screenValue": ""
							},
							"country": {
								"internalValue": "0",
								"screenValue": ""
							},
							"homeCountry": {
								"internalValue": "0",
								"screenValue": ""
							},
							"countryOfResidence": {
								"internalValue": "0",
								"screenValue": ""
							}
						},
						"addressList": {
							"Address": [
								{
									"id": 0,
									"line1": "aaa",
									"line2": "aaa",
									"line3": "a",
									"line4": "a",
									"line5": "a",
									"postcode": {
										"internalValue": "0",
										"screenValue": ""
									},
									"country": {
										"internalValue": "0",
										"screenValue": ""
									},
									"homeCountry": {
										"internalValue": "0",
										"screenValue": ""
									},
									"countryOfResidence": {
										"internalValue": "0",
										"screenValue": ""
									}
								}
							]
						},
						"emailAddress": "aaaaa",
						"homePhone": "",
						"mobilePhone": "",
						"workPhone": "",
						"type": "UNKNOWN",
						"memberIndicator": "N",
						"policyNumber": 0,
						"studentIndicator": "N",
						"studentSubsidyAvailableInd": "Y",
						"currentPolicies": {
						},
						"associatedPolicies": {
						},
						"documentationIndicator": "EMAIL",
						"marketingPreferences": "",
						"studentDetail": {
							"collegeCode": 0,
							"collegeName": "",
							"startDate": "1957-08-13",
							"endDate": "1957-08-13",
							"endReason": "DEF"
						},
						"ppsNumber": "0000000A",
						"staffNumber": "",
						"costCentre": "",
						"embassy": "",
						"previousHealthInsurer": "",
						"primaryLocation": {
							"tripType": "",
							"country": "",
							"reasonForTraveling": ""
						},
						"insuredFrom": "1957-08-13",
						"insuredTo": "1957-08-13",
						"coverset": {
							"code": "000",
							"name": "",
							"studentAgeLimit": 0,
							"coverList": {
								"Cover": [
									{
										"code": "000",
										"name": "",
										"mandatory": "Y",
										"selected": "N",
										"premium": {
											"netSubsidy": 3.141590118408203125,
											"netDeduction": 3.141590118408203125,
											"taxRelief": 3.141590118408203125,
											"lcrAmount": 3.141590118408203125,
											"discount": 3.141590118408203125,
											"netPayment": 3.141590118408203125,
											"grossSubsidy": 3.141590118408203125,
											"grossPremium": 3.141590118408203125,
											"nettPremium": 3.141590118408203125,
											"discountLoyalty": 3.141590118408203125,
											"discountOnline": 3.141590118408203125,
											"discountPayment": 3.141590118408203125
										}
									}
								]
							},
							"discount": {
								"percentage": 0,
								"reason": "String"
							},
							"keyBenefitList": {
								"KeyBenefit": [
									{
										"cohort": "",
										"product": "GL7",
										"coversetCode": "000",
										"coversetName": "",
										"geoCoverage": "0",
										"priority": 0,
										"sectionHeading": "",
										"sectionContent": "",
										"imageCode": ""
									}
								]
							},
							"apmBenefitList": {
								"APMBenefit": [
									{
										"id": 0,
										"type": "0",
										"description": "",
										"banding": "",
										"name": "0"
									}
								]
							}
						},
						"lifeStage": "CHILD",
						"relationship": "CONTE",
						"membershipType": "DEFAULT",
						"isPolicyHolderIndicator": "N",
						"removalReason": {
							"internalValue": "0",
							"screenValue": ""
						},
						"premium": {
							"netSubsidy": 3.141590118408203125,
							"netDeduction": 3.141590118408203125,
							"taxRelief": 3.141590118408203125,
							"lcrAmount": 3.141590118408203125,
							"discount": 3.141590118408203125,
							"netPayment": 3.141590118408203125,
							"grossSubsidy": 3.141590118408203125,
							"grossPremium": 3.141590118408203125,
							"nettPremium": 3.141590118408203125,
							"discountLoyalty": 3.141590118408203125,
							"discountOnline": 3.141590118408203125,
							"discountPayment": 3.141590118408203125
						},
						"previousMedicalCoverList": {
							"PreviousMedicalCover": [
								{
									"partnerId": 0,
									"recordType": "NRS",
									"previousMedicalNo": 0,
									"insProvider": {
										"internalValue": "0",
										"screenValue": ""
									},
									"insProviderProduct": {
										"internalValue": "0",
										"screenValue": ""
									},
									"insProviderCoverset": {
										"internalValue": "0",
										"screenValue": ""
									},
									"customerReference": "",
									"customerName": "",
									"effectiveFromDate": "1957-08-13",
									"effectiveToDate": "1957-08-13",
									"declarationDate": "1957-08-13",
									"lcrCreditMonths": 0,
									"lcrUnemploymentMonths": 0,
									"lcrExemptionIndicator": "Y",
									"lcrLoadingPercent": "0"
								}
							]
						},
						"lcrDetails": {
							"age": 0,
							"lcrAge": 0,
							"exemptionIndicator": "Y",
							"creditMonths": 0,
							"unemploymentMonths": 0,
							"loadingPercent": "0"
						},
						"lcrLoading": "0",
						"lcrAge": 0,
						"lcrExemptionIndicator": "Y",
						"overridingLcrRate": "0"
					}
				]
			},
			"policyHolder": {
				"id": 0,
				"title": {
					"internalValue": "0",
					"screenValue": ""
				},
				"firstName": "",
				"middleName": "",
				"lastName": "",
				"fullName": "",
				"gender": "Female",
				"dateOfBirth": "1957-08-13",
				"primaryAddress": {
					"id": 0,
					"line1": "aaa",
					"line2": "aaa",
					"line3": "a",
					"line4": "a",
					"line5": "a",
					"postcode": {
						"internalValue": "0",
						"screenValue": ""
					},
					"country": {
						"internalValue": "0",
						"screenValue": ""
					},
					"homeCountry": {
						"internalValue": "0",
						"screenValue": ""
					},
					"countryOfResidence": {
						"internalValue": "0",
						"screenValue": ""
					}
				},
				"addressList": {
					"Address": [
						{
							"id": 0,
							"line1": "aaa",
							"line2": "aaa",
							"line3": "a",
							"line4": "a",
							"line5": "a",
							"postcode": {
								"internalValue": "0",
								"screenValue": ""
							},
							"country": {
								"internalValue": "0",
								"screenValue": ""
							},
							"homeCountry": {
								"internalValue": "0",
								"screenValue": ""
							},
							"countryOfResidence": {
								"internalValue": "0",
								"screenValue": ""
							}
						}
					]
				},
				"emailAddress": "aaaaa",
				"homePhone": "",
				"mobilePhone": "",
				"workPhone": "",
				"type": "UNKNOWN",
				"memberIndicator": "Y",
				"policyNumber": 0,
				"studentIndicator": "Y",
				"currentPolicies": {
				},
				"associatedPolicies": {
				},
				"documentationIndicator": "POST",
				"marketingPreferences": "",
				"studentDetail": {
					"collegeCode": 0,
					"collegeName": "",
					"startDate": "1957-08-13",
					"endDate": "1957-08-13",
					"endReason": "EXP"
				},
				"ppsNumber": "0000000A",
				"previousHealthInsurer": "",
				"primaryLocation": {
					"tripType": "",
					"country": "",
					"reasonForTraveling": ""
				},
				"previousMedicalCoverList": {
					"PreviousMedicalCover": [
						{
							"partnerId": 0,
							"recordType": "NRS",
							"previousMedicalNo": 0,
							"insProvider": {
								"internalValue": "0",
								"screenValue": ""
							},
							"insProviderProduct": {
								"internalValue": "0",
								"screenValue": ""
							},
							"insProviderCoverset": {
								"internalValue": "0",
								"screenValue": ""
							},
							"customerReference": "",
							"customerName": "",
							"effectiveFromDate": "1957-08-13",
							"effectiveToDate": "1957-08-13",
							"declarationDate": "1957-08-13",
							"lcrCreditMonths": 0,
							"lcrUnemploymentMonths": 0,
							"lcrExemptionIndicator": "N",
							"lcrLoadingPercent": "0"
						}
					]
				},
				"lcrDetails": {
					"age": 0,
					"lcrAge": 0,
					"exemptionIndicator": "Y",
					"creditMonths": 0,
					"unemploymentMonths": 0,
					"loadingPercent": "0"
				},
				"snapSendClaimInd": "Y",
				"vhiOnlineDoctorInd": "Y",
				"staffNumber": "",
				"costCentre": "",
				"embassy": ""
			},
			"endOfTermAction": "MANUAL_RENEWAL",
			"endOfTermActivity": "REMINDER",
			"policyRenewedIndicator": "N",
			"failedToRenewIndicator": "N",
			"accountList": {
				"Account": [
					{
						"id": 0,
						"billingPlanList": {
							"BillingPlan": [
								{
									"id": 0,
									"paymentInformation": {
										"billingFrequency": "HALF_YEARLY",
										"paymentMethod": {
											"type": "CHEQUE",
											"bic": "AAAAAA20",
											"iban": "AA000",
											"accountNumber": "aaaa",
											"accountName": "",
											"cv2": "000",
											"expiryDate": "0000",
											"dateOfSignature": "1957-08-13",
											"cardType": "MASTERCARD",
											"saveChangedDetails": "N",
											"directDebit": {
												"authorised": "N",
												"title": "",
												"firstName": "",
												"lastName": "",
												"address1": "",
												"address2": "",
												"town": "",
												"county": "",
												"iban": "AA000",
												"bic": "AAAAAA20",
												"dateOfSignature": "1957-08-13"
											},
											"salaryDeduction": {
												"employerName": "",
												"groupSchemeNumber": 0,
												"staffNumber": ""
											}
										},
										"serverTransactionId": ""
									},
									"current": "Y",
									"nextInstAmount": 3.141590118408203125,
									"nextInstDate": "1957-08-13",
									"remainingInstallments": 0
								}
							]
						}
					}
				]
			},
			"premium": {
				"netSubsidy": 3.141590118408203125,
				"netDeduction": 3.141590118408203125,
				"taxRelief": 3.141590118408203125,
				"lcrAmount": 3.141590118408203125,
				"discount": 3.141590118408203125,
				"netPayment": 3.141590118408203125,
				"grossSubsidy": 3.141590118408203125,
				"grossPremium": 3.141590118408203125,
				"nettPremium": 3.141590118408203125,
				"discountLoyalty": 3.141590118408203125,
				"discountOnline": 3.141590118408203125,
				"discountPayment": 3.141590118408203125
			},
			"geographicalCoverage": {
				"internalValue": "0",
				"screenValue": ""
			},
			"factFindIndicator": "Y",
			"medicalNeedsIndicator": "N"
		},
		"paymentInformation": {
			"billingFrequency": "YEARLY",
			"paymentMethod": {
				"type": "CHEQUE",
				"bic": "AAAAAA20",
				"iban": "AA000",
				"accountNumber": "aaaa",
				"accountName": "",
				"cv2": "000",
				"expiryDate": "0000",
				"dateOfSignature": "1957-08-13",
				"cardType": "LASER",
				"saveChangedDetails": "Y",
				"directDebit": {
					"authorised": "N",
					"title": "",
					"firstName": "",
					"lastName": "",
					"address1": "",
					"address2": "",
					"town": "",
					"county": "",
					"iban": "AA000",
					"bic": "AAAAAA20",
					"dateOfSignature": "1957-08-13"
				},
				"salaryDeduction": {
					"employerName": "",
					"groupSchemeNumber": 0,
					"staffNumber": ""
				}
			},
			"serverTransactionId": ""
		},
		"salesInformation": {
			"salesChannelType": "",
			"salesChannelTypeDescription": "",
			"salesChannelCode": "",
			"salesChannelCodeDescription": "",
			"discountCode": "",
			"salesLeadType": "",
			"salesLeadTypeDescription": "",
			"salesLeadCode": "",
			"salesLeadCodeDescription": "",
			"salesAdvisor": "000"
		},
		"factFindInformation": {
			"effectiveDate": "1957-08-13",
			"cohort": "MYSELF_PARTNER_KIDS",
			"factFindCohort": {
				"InsuredPerson": [
					{
						"id": 0,
						"personIdentifier": "00000000-0000-1000-8000-000000000000",
						"title": {
							"internalValue": "0",
							"screenValue": ""
						},
						"firstName": "",
						"middleName": "",
						"lastName": "",
						"fullName": "",
						"gender": "Male",
						"dateOfBirth": "1957-08-13",
						"age": 0,
						"primaryAddress": {
							"id": 0,
							"line1": "aaa",
							"line2": "aaa",
							"line3": "a",
							"line4": "a",
							"line5": "a",
							"postcode": {
								"internalValue": "0",
								"screenValue": ""
							},
							"country": {
								"internalValue": "0",
								"screenValue": ""
							},
							"homeCountry": {
								"internalValue": "0",
								"screenValue": ""
							},
							"countryOfResidence": {
								"internalValue": "0",
								"screenValue": ""
							}
						},
						"addressList": {
							"Address": [
								{
									"id": 0,
									"line1": "aaa",
									"line2": "aaa",
									"line3": "a",
									"line4": "a",
									"line5": "a",
									"postcode": {
										"internalValue": "0",
										"screenValue": ""
									},
									"country": {
										"internalValue": "0",
										"screenValue": ""
									},
									"homeCountry": {
										"internalValue": "0",
										"screenValue": ""
									},
									"countryOfResidence": {
										"internalValue": "0",
										"screenValue": ""
									}
								}
							]
						},
						"emailAddress": "aaaaa",
						"homePhone": "",
						"mobilePhone": "",
						"workPhone": "",
						"type": "PROSPECT",
						"memberIndicator": "N",
						"policyNumber": 0,
						"studentIndicator": "N",
						"studentSubsidyAvailableInd": "N",
						"currentPolicies": {
							"Policy": [
								{
									"id": 0,
									"coverset": {
										"code": "000",
										"name": "",
										"studentAgeLimit": 0,
										"coverList": {
											"Cover": [
												{
													"code": "000",
													"name": "",
													"mandatory": "N",
													"selected": "Y",
													"premium": {
													}
												}
											]
										},
										"discount": {
											"percentage": 0,
											"reason": "String"
										},
										"keyBenefitList": {
											"KeyBenefit": [
												{
													"cohort": "",
													"product": "GLOBAL",
													"coversetCode": "000",
													"coversetName": "",
													"geoCoverage": "0",
													"priority": 0,
													"sectionHeading": "",
													"sectionContent": "",
													"imageCode": ""
												}
											]
										},
										"apmBenefitList": {
											"APMBenefit": [
												{
													"id": 0,
													"type": "0",
													"description": "",
													"banding": "",
													"name": "0"
												}
											]
										}
									},
									"startDate": "1957-08-13",
									"termStartDate": "1957-08-13",
									"termEndDate": "1957-08-13",
									"endDate": "1957-08-13",
									"renewalDate": "1957-08-13",
									"dynamicDaysBeforeRenewal": 0,
									"dynamicDaysAfterRenewal": 0,
									"projectedEndDate": "1957-08-13",
									"coolOffDate": "1957-08-13",
									"regressionCutOffDate": "1957-08-13",
									"webRenewalStartDate": "1957-08-13",
									"webRenewalEndDate": "1957-08-13",
									"lockedInWIPIndicator": "N",
									"customPolProcIndicator": "Y",
									"scheme": {
										"id": 0,
										"token": "",
										"name": "",
										"groupName": "",
										"startDate": "1957-08-13",
										"renewalDate": "1957-08-13",
										"policyRenewalDate": "1957-08-13",
										"earliestStartDate": "1957-08-13",
										"latestEndDate": "1957-08-13",
										"earliestPolicyCreationDate": "1957-08-13",
										"latestPolicyCreationDate": "1957-08-13",
										"webRenewalStartDate": "1957-08-13",
										"webRenewalEndDate": "1957-08-13",
										"suspensionInd": "Y",
										"deduction": "N",
										"subsidy": "N",
										"secApprovalRequiredInd": "Y",
										"webNotificationType": "0",
										"webAvailableInd": "Y",
										"webCustomEnrolementInd": "Y",
										"vhiOnlineDoctorInd": "Y",
										"changesEffectiveRenewalDateInd": "Y",
										"schemePartners": {
											"SchemePartner": [
												{
													"roleType": "0",
													"roleDescription": "",
													"id": 0,
													"fullName": "",
													"address": {
													},
													"mobilePhone": "",
													"workPhone": "",
													"emailAddress": "aaaaa"
												}
											]
										},
										"categoryList": {
											"Category": [
												{
													"id": 0,
													"token": "",
													"name": "aaa",
													"closedDate": "1957-08-13",
													"webCategoryName": "",
													"webRenewalInd": "Y",
													"webAvailableInd": "N",
													"memberReferenceLabel": "",
													"memberRefMandatoryInd": "N",
													"memberReferenceFormat": "",
													"costCentreLabel": "",
													"costCentreMandatoryInd": "Y",
													"costCentreFormat": "",
													"newBusiness": "N",
													"midTermAdjustment": "Y",
													"productList": {
													}
												}
											]
										}
									},
									"category": {
										"id": 0,
										"token": "",
										"name": "aaa",
										"closedDate": "1957-08-13",
										"webCategoryName": "",
										"webRenewalInd": "Y",
										"webAvailableInd": "N",
										"memberReferenceLabel": "",
										"memberRefMandatoryInd": "N",
										"memberReferenceFormat": "",
										"costCentreLabel": "",
										"costCentreMandatoryInd": "N",
										"costCentreFormat": "",
										"newBusiness": "Y",
										"midTermAdjustment": "Y",
										"productList": {
											"Product": [
												{
													"name": "",
													"insuranceProduct": "",
													"categoryId": 0,
													"productVersion": 0,
													"versionNo": 0,
													"fromDate": "1957-08-13",
													"toDate": "1957-08-13",
													"subsidyBasis": "",
													"subsidyAvailableIndicator": "N",
													"childAgeLimit": 0,
													"profileList": {
													}
												}
											]
										}
									},
									"type": "GLB",
									"policyHolder": {
										"id": 0,
										"title": {
											"internalValue": "0",
											"screenValue": ""
										},
										"firstName": "",
										"middleName": "",
										"lastName": "",
										"fullName": "",
										"gender": "Male",
										"dateOfBirth": "1957-08-13",
										"primaryAddress": {
											"id": 0,
											"line1": "aaa",
											"line2": "aaa",
											"line3": "a",
											"line4": "a",
											"line5": "a",
											"postcode": {
												"internalValue": "0",
												"screenValue": ""
											},
											"country": {
												"internalValue": "0",
												"screenValue": ""
											},
											"homeCountry": {
												"internalValue": "0",
												"screenValue": ""
											},
											"countryOfResidence": {
												"internalValue": "0",
												"screenValue": ""
											}
										},
										"addressList": {
											"Address": [
												{
													"id": 0,
													"line1": "aaa",
													"line2": "aaa",
													"line3": "a",
													"line4": "a",
													"line5": "a",
													"postcode": {
													},
													"country": {
													},
													"homeCountry": {
													},
													"countryOfResidence": {
													}
												}
											]
										},
										"emailAddress": "aaaaa",
										"homePhone": "",
										"mobilePhone": "",
										"workPhone": "",
										"type": "FULL",
										"memberIndicator": "Y",
										"policyNumber": 0,
										"studentIndicator": "Y",
										"documentationIndicator": "EMAIL_SMS",
										"marketingPreferences": "",
										"studentDetail": {
											"collegeCode": 0,
											"collegeName": "",
											"startDate": "1957-08-13",
											"endDate": "1957-08-13",
											"endReason": "EXP"
										},
										"ppsNumber": "0000000A",
										"previousHealthInsurer": "",
										"primaryLocation": {
											"tripType": "",
											"country": "",
											"reasonForTraveling": ""
										},
										"previousMedicalCoverList": {
											"PreviousMedicalCover": [
												{
													"partnerId": 0,
													"recordType": "UEM",
													"previousMedicalNo": 0,
													"insProvider": {
													},
													"insProviderProduct": {
													},
													"insProviderCoverset": {
													},
													"customerReference": "",
													"customerName": "",
													"effectiveFromDate": "1957-08-13",
													"effectiveToDate": "1957-08-13",
													"declarationDate": "1957-08-13",
													"lcrCreditMonths": 0,
													"lcrUnemploymentMonths": 0,
													"lcrExemptionIndicator": "N",
													"lcrLoadingPercent": "0"
												}
											]
										},
										"lcrDetails": {
											"age": 0,
											"lcrAge": 0,
											"exemptionIndicator": "N",
											"creditMonths": 0,
											"unemploymentMonths": 0,
											"loadingPercent": "0"
										},
										"snapSendClaimInd": "Y",
										"vhiOnlineDoctorInd": "N",
										"staffNumber": "",
										"costCentre": "",
										"embassy": ""
									},
									"endOfTermAction": "MANUAL_RENEWAL",
									"endOfTermActivity": "REMINDER",
									"policyRenewedIndicator": "N",
									"failedToRenewIndicator": "Y",
									"accountList": {
										"Account": [
											{
												"id": 0,
												"billingPlanList": {
													"BillingPlan": [
														{
														}
													]
												}
											}
										]
									},
									"premium": {
										"netSubsidy": 3.141590118408203125,
										"netDeduction": 3.141590118408203125,
										"taxRelief": 3.141590118408203125,
										"lcrAmount": 3.141590118408203125,
										"discount": 3.141590118408203125,
										"netPayment": 3.141590118408203125,
										"grossSubsidy": 3.141590118408203125,
										"grossPremium": 3.141590118408203125,
										"nettPremium": 3.141590118408203125,
										"discountLoyalty": 3.141590118408203125,
										"discountOnline": 3.141590118408203125,
										"discountPayment": 3.141590118408203125
									},
									"geographicalCoverage": {
										"internalValue": "0",
										"screenValue": ""
									},
									"factFindIndicator": "Y",
									"medicalNeedsIndicator": "Y"
								}
							]
						},
						"associatedPolicies": {
							"Policy": [
								{
									"id": 0,
									"coverset": {
										"code": "000",
										"name": "",
										"studentAgeLimit": 0,
										"coverList": {
											"Cover": [
												{
													"code": "000",
													"name": "",
													"mandatory": "Y",
													"selected": "Y",
													"premium": {
													}
												}
											]
										},
										"discount": {
											"percentage": 0,
											"reason": "String"
										},
										"keyBenefitList": {
											"KeyBenefit": [
												{
													"cohort": "",
													"product": "DENTAL",
													"coversetCode": "000",
													"coversetName": "",
													"geoCoverage": "0",
													"priority": 0,
													"sectionHeading": "",
													"sectionContent": "",
													"imageCode": ""
												}
											]
										},
										"apmBenefitList": {
											"APMBenefit": [
												{
													"id": 0,
													"type": "0",
													"description": "",
													"banding": "",
													"name": "0"
												}
											]
										}
									},
									"startDate": "1957-08-13",
									"termStartDate": "1957-08-13",
									"termEndDate": "1957-08-13",
									"endDate": "1957-08-13",
									"renewalDate": "1957-08-13",
									"dynamicDaysBeforeRenewal": 0,
									"dynamicDaysAfterRenewal": 0,
									"projectedEndDate": "1957-08-13",
									"coolOffDate": "1957-08-13",
									"regressionCutOffDate": "1957-08-13",
									"webRenewalStartDate": "1957-08-13",
									"webRenewalEndDate": "1957-08-13",
									"lockedInWIPIndicator": "N",
									"customPolProcIndicator": "Y",
									"scheme": {
										"id": 0,
										"token": "",
										"name": "",
										"groupName": "",
										"startDate": "1957-08-13",
										"renewalDate": "1957-08-13",
										"policyRenewalDate": "1957-08-13",
										"earliestStartDate": "1957-08-13",
										"latestEndDate": "1957-08-13",
										"earliestPolicyCreationDate": "1957-08-13",
										"latestPolicyCreationDate": "1957-08-13",
										"webRenewalStartDate": "1957-08-13",
										"webRenewalEndDate": "1957-08-13",
										"suspensionInd": "Y",
										"deduction": "Y",
										"subsidy": "Y",
										"secApprovalRequiredInd": "N",
										"webNotificationType": "0",
										"webAvailableInd": "Y",
										"webCustomEnrolementInd": "N",
										"vhiOnlineDoctorInd": "Y",
										"changesEffectiveRenewalDateInd": "N",
										"schemePartners": {
											"SchemePartner": [
												{
													"roleType": "0",
													"roleDescription": "",
													"id": 0,
													"fullName": "",
													"address": {
													},
													"mobilePhone": "",
													"workPhone": "",
													"emailAddress": "aaaaa"
												}
											]
										},
										"categoryList": {
											"Category": [
												{
													"id": 0,
													"token": "",
													"name": "aaa",
													"closedDate": "1957-08-13",
													"webCategoryName": "",
													"webRenewalInd": "Y",
													"webAvailableInd": "Y",
													"memberReferenceLabel": "",
													"memberRefMandatoryInd": "Y",
													"memberReferenceFormat": "",
													"costCentreLabel": "",
													"costCentreMandatoryInd": "N",
													"costCentreFormat": "",
													"newBusiness": "N",
													"midTermAdjustment": "N",
													"productList": {
													}
												}
											]
										}
									},
									"category": {
										"id": 0,
										"token": "",
										"name": "aaa",
										"closedDate": "1957-08-13",
										"webCategoryName": "",
										"webRenewalInd": "Y",
										"webAvailableInd": "Y",
										"memberReferenceLabel": "",
										"memberRefMandatoryInd": "Y",
										"memberReferenceFormat": "",
										"costCentreLabel": "",
										"costCentreMandatoryInd": "Y",
										"costCentreFormat": "",
										"newBusiness": "Y",
										"midTermAdjustment": "Y",
										"productList": {
											"Product": [
												{
													"name": "",
													"insuranceProduct": "",
													"categoryId": 0,
													"productVersion": 0,
													"versionNo": 0,
													"fromDate": "1957-08-13",
													"toDate": "1957-08-13",
													"subsidyBasis": "",
													"subsidyAvailableIndicator": "N",
													"childAgeLimit": 0,
													"profileList": {
													}
												}
											]
										}
									},
									"type": "GL9",
									"policyHolder": {
										"id": 0,
										"title": {
											"internalValue": "0",
											"screenValue": ""
										},
										"firstName": "",
										"middleName": "",
										"lastName": "",
										"fullName": "",
										"gender": "Male",
										"dateOfBirth": "1957-08-13",
										"primaryAddress": {
											"id": 0,
											"line1": "aaa",
											"line2": "aaa",
											"line3": "a",
											"line4": "a",
											"line5": "a",
											"postcode": {
												"internalValue": "0",
												"screenValue": ""
											},
											"country": {
												"internalValue": "0",
												"screenValue": ""
											},
											"homeCountry": {
												"internalValue": "0",
												"screenValue": ""
											},
											"countryOfResidence": {
												"internalValue": "0",
												"screenValue": ""
											}
										},
										"addressList": {
											"Address": [
												{
													"id": 0,
													"line1": "aaa",
													"line2": "aaa",
													"line3": "a",
													"line4": "a",
													"line5": "a",
													"postcode": {
													},
													"country": {
													},
													"homeCountry": {
													},
													"countryOfResidence": {
													}
												}
											]
										},
										"emailAddress": "aaaaa",
										"homePhone": "",
										"mobilePhone": "",
										"workPhone": "",
										"type": "UNKNOWN",
										"memberIndicator": "Y",
										"policyNumber": 0,
										"studentIndicator": "N",
										"documentationIndicator": "EMAIL_SMS",
										"marketingPreferences": "",
										"studentDetail": {
											"collegeCode": 0,
											"collegeName": "",
											"startDate": "1957-08-13",
											"endDate": "1957-08-13",
											"endReason": "TRAN"
										},
										"ppsNumber": "0000000A",
										"previousHealthInsurer": "",
										"primaryLocation": {
											"tripType": "",
											"country": "",
											"reasonForTraveling": ""
										},
										"previousMedicalCoverList": {
											"PreviousMedicalCover": [
												{
													"partnerId": 0,
													"recordType": "NRS",
													"previousMedicalNo": 0,
													"insProvider": {
													},
													"insProviderProduct": {
													},
													"insProviderCoverset": {
													},
													"customerReference": "",
													"customerName": "",
													"effectiveFromDate": "1957-08-13",
													"effectiveToDate": "1957-08-13",
													"declarationDate": "1957-08-13",
													"lcrCreditMonths": 0,
													"lcrUnemploymentMonths": 0,
													"lcrExemptionIndicator": "N",
													"lcrLoadingPercent": "0"
												}
											]
										},
										"lcrDetails": {
											"age": 0,
											"lcrAge": 0,
											"exemptionIndicator": "Y",
											"creditMonths": 0,
											"unemploymentMonths": 0,
											"loadingPercent": "0"
										},
										"snapSendClaimInd": "Y",
										"vhiOnlineDoctorInd": "N",
										"staffNumber": "",
										"costCentre": "",
										"embassy": ""
									},
									"endOfTermAction": "MANUAL_RENEWAL",
									"endOfTermActivity": "LAPSE",
									"policyRenewedIndicator": "Y",
									"failedToRenewIndicator": "N",
									"accountList": {
										"Account": [
											{
												"id": 0,
												"billingPlanList": {
													"BillingPlan": [
														{
														}
													]
												}
											}
										]
									},
									"premium": {
										"netSubsidy": 3.141590118408203125,
										"netDeduction": 3.141590118408203125,
										"taxRelief": 3.141590118408203125,
										"lcrAmount": 3.141590118408203125,
										"discount": 3.141590118408203125,
										"netPayment": 3.141590118408203125,
										"grossSubsidy": 3.141590118408203125,
										"grossPremium": 3.141590118408203125,
										"nettPremium": 3.141590118408203125,
										"discountLoyalty": 3.141590118408203125,
										"discountOnline": 3.141590118408203125,
										"discountPayment": 3.141590118408203125
									},
									"geographicalCoverage": {
										"internalValue": "0",
										"screenValue": ""
									},
									"factFindIndicator": "N",
									"medicalNeedsIndicator": "N"
								}
							]
						},
						"documentationIndicator": "EMAIL",
						"marketingPreferences": "",
						"studentDetail": {
							"collegeCode": 0,
							"collegeName": "",
							"startDate": "1957-08-13",
							"endDate": "1957-08-13",
							"endReason": "GRAD"
						},
						"ppsNumber": "0000000A",
						"staffNumber": "",
						"costCentre": "",
						"embassy": "",
						"previousHealthInsurer": "",
						"primaryLocation": {
							"tripType": "",
							"country": "",
							"reasonForTraveling": ""
						},
						"insuredFrom": "1957-08-13",
						"insuredTo": "1957-08-13",
						"coverset": {
							"code": "000",
							"name": "",
							"studentAgeLimit": 0,
							"coverList": {
								"Cover": [
									{
										"code": "000",
										"name": "",
										"mandatory": "Y",
										"selected": "N",
										"premium": {
											"netSubsidy": 3.141590118408203125,
											"netDeduction": 3.141590118408203125,
											"taxRelief": 3.141590118408203125,
											"lcrAmount": 3.141590118408203125,
											"discount": 3.141590118408203125,
											"netPayment": 3.141590118408203125,
											"grossSubsidy": 3.141590118408203125,
											"grossPremium": 3.141590118408203125,
											"nettPremium": 3.141590118408203125,
											"discountLoyalty": 3.141590118408203125,
											"discountOnline": 3.141590118408203125,
											"discountPayment": 3.141590118408203125
										}
									}
								]
							},
							"discount": {
								"percentage": 0,
								"reason": "String"
							},
							"keyBenefitList": {
								"KeyBenefit": [
									{
										"cohort": "",
										"product": "GL7",
										"coversetCode": "000",
										"coversetName": "",
										"geoCoverage": "0",
										"priority": 0,
										"sectionHeading": "",
										"sectionContent": "",
										"imageCode": ""
									}
								]
							},
							"apmBenefitList": {
								"APMBenefit": [
									{
										"id": 0,
										"type": "0",
										"description": "",
										"banding": "",
										"name": "0"
									}
								]
							}
						},
						"lifeStage": "STUDENT",
						"relationship": "EMPE",
						"membershipType": "OTHER",
						"isPolicyHolderIndicator": "Y",
						"removalReason": {
							"internalValue": "0",
							"screenValue": ""
						},
						"premium": {
							"netSubsidy": 3.141590118408203125,
							"netDeduction": 3.141590118408203125,
							"taxRelief": 3.141590118408203125,
							"lcrAmount": 3.141590118408203125,
							"discount": 3.141590118408203125,
							"netPayment": 3.141590118408203125,
							"grossSubsidy": 3.141590118408203125,
							"grossPremium": 3.141590118408203125,
							"nettPremium": 3.141590118408203125,
							"discountLoyalty": 3.141590118408203125,
							"discountOnline": 3.141590118408203125,
							"discountPayment": 3.141590118408203125
						},
						"previousMedicalCoverList": {
							"PreviousMedicalCover": [
								{
									"partnerId": 0,
									"recordType": "NRS",
									"previousMedicalNo": 0,
									"insProvider": {
										"internalValue": "0",
										"screenValue": ""
									},
									"insProviderProduct": {
										"internalValue": "0",
										"screenValue": ""
									},
									"insProviderCoverset": {
										"internalValue": "0",
										"screenValue": ""
									},
									"customerReference": "",
									"customerName": "",
									"effectiveFromDate": "1957-08-13",
									"effectiveToDate": "1957-08-13",
									"declarationDate": "1957-08-13",
									"lcrCreditMonths": 0,
									"lcrUnemploymentMonths": 0,
									"lcrExemptionIndicator": "N",
									"lcrLoadingPercent": "0"
								}
							]
						},
						"lcrDetails": {
							"age": 0,
							"lcrAge": 0,
							"exemptionIndicator": "N",
							"creditMonths": 0,
							"unemploymentMonths": 0,
							"loadingPercent": "0"
						},
						"lcrLoading": "0",
						"lcrAge": 0,
						"lcrExemptionIndicator": "Y",
						"overridingLcrRate": "0"
					}
				]
			},
			"searchCriteriaList": {
				"EntityAttribute": [
					{
						"internalValue": "0",
						"screenValue": ""
					}
				]
			},
			"coversetList": {
				"Coverset": [
					{
						"code": "000",
						"name": "",
						"studentAgeLimit": 0,
						"coverList": {
							"Cover": [
								{
									"code": "000",
									"name": "",
									"mandatory": "N",
									"selected": "Y",
									"premium": {
										"netSubsidy": 3.141590118408203125,
										"netDeduction": 3.141590118408203125,
										"taxRelief": 3.141590118408203125,
										"lcrAmount": 3.141590118408203125,
										"discount": 3.141590118408203125,
										"netPayment": 3.141590118408203125,
										"grossSubsidy": 3.141590118408203125,
										"grossPremium": 3.141590118408203125,
										"nettPremium": 3.141590118408203125,
										"discountLoyalty": 3.141590118408203125,
										"discountOnline": 3.141590118408203125,
										"discountPayment": 3.141590118408203125
									}
								}
							]
						},
						"discount": {
							"percentage": 0,
							"reason": "String"
						},
						"keyBenefitList": {
							"KeyBenefit": [
								{
									"cohort": "",
									"product": "QUOTE",
									"coversetCode": "000",
									"coversetName": "",
									"geoCoverage": "0",
									"priority": 0,
									"sectionHeading": "",
									"sectionContent": "",
									"imageCode": ""
								}
							]
						},
						"apmBenefitList": {
							"APMBenefit": [
								{
									"id": 0,
									"type": "0",
									"description": "",
									"banding": "",
									"name": "0"
								}
							]
						}
					}
				]
			}
		}
	}
}