{
	"getSchemeInput": {
		"action": "SCHEME_CATEGORIES_PRODUCTS_PROFILES_COVERSETS",
		"callingSystemIdentifier": "GIOS",
		"effectiveDate": "1957-08-13",
		"id": 0,
		"token": "",
		"category": {
			"id": 0,
			"token": "",
			"name": "aaa",
			"closedDate": "1957-08-13",
			"webCategoryName": "",
			"webRenewalInd": "Y",
			"webAvailableInd": "N",
			"memberReferenceLabel": "",
			"memberRefMandatoryInd": "N",
			"memberReferenceFormat": "",
			"costCentreLabel": "",
			"costCentreMandatoryInd": "N",
			"costCentreFormat": "",
			"newBusiness": "N",
			"midTermAdjustment": "Y",
			"productList": {
				"Product": [
					{
						"name": "",
						"insuranceProduct": "",
						"categoryId": 0,
						"productVersion": 0,
						"versionNo": 0,
						"fromDate": "1957-08-13",
						"toDate": "1957-08-13",
						"subsidyBasis": "",
						"subsidyAvailableIndicator": "Y",
						"childAgeLimit": 0,
						"profileList": {
							"Profile": [
								{
									"membership": "MEMBER",
									"recover": "Y",
									"coversetList": {
										"Coverset": [
											{
												"code": "000",
												"name": "",
												"studentAgeLimit": 0,
												"coverList": {
													"Cover": [
														{
														}
													]
												},
												"discount": {
													"percentage": 0,
													"reason": "String"
												},
												"keyBenefitList": {
													"KeyBenefit": [
														{
														}
													]
												},
												"apmBenefitList": {
													"APMBenefit": [
														{
														}
													]
												}
											}
										]
									},
									"subsidyList": {
										"Subsidy": [
											{
												"lifestage": "CHILD",
												"rate": 0,
												"maxPeople": 0,
												"amount": 3.141590118408203125,
												"product": "",
												"coverset": {
													"code": "000",
													"name": "",
													"studentAgeLimit": 0,
													"coverList": {
													},
													"discount": {
														"percentage": 0,
														"reason": "String"
													},
													"keyBenefitList": {
													},
													"apmBenefitList": {
													}
												}
											}
										]
									},
									"relationshipList": {
										"Relationship": [
											{
												"name": "",
												"code": "AFFIL"
											}
										]
									},
									"lcrSubsidyIndicator": "Y"
								}
							]
						}
					}
				]
			}
		},
		"product": "GLOBAL"
	}
}