{
	"isPartnerInsuredInput": {
		"callingSystemIdentifier": "VHI_IE",
		"effectiveDate": "1957-08-13",
		"policyId": 0,
		"partner": {
			"id": 0,
			"title": {
				"internalValue": "0",
				"screenValue": ""
			},
			"firstName": "",
			"middleName": "",
			"lastName": "",
			"fullName": "",
			"gender": "Male",
			"dateOfBirth": "1957-08-13",
			"primaryAddress": {
				"id": 0,
				"line1": "aaa",
				"line2": "aaa",
				"line3": "a",
				"line4": "a",
				"line5": "a",
				"postcode": {
					"internalValue": "0",
					"screenValue": ""
				},
				"country": {
					"internalValue": "0",
					"screenValue": ""
				},
				"homeCountry": {
					"internalValue": "0",
					"screenValue": ""
				},
				"countryOfResidence": {
					"internalValue": "0",
					"screenValue": ""
				}
			},
			"addressList": {
				"Address": [
					{
						"id": 0,
						"line1": "aaa",
						"line2": "aaa",
						"line3": "a",
						"line4": "a",
						"line5": "a",
						"postcode": {
							"internalValue": "0",
							"screenValue": ""
						},
						"country": {
							"internalValue": "0",
							"screenValue": ""
						},
						"homeCountry": {
							"internalValue": "0",
							"screenValue": ""
						},
						"countryOfResidence": {
							"internalValue": "0",
							"screenValue": ""
						}
					}
				]
			},
			"emailAddress": "aaaaa",
			"homePhone": "",
			"mobilePhone": "",
			"workPhone": "",
			"type": "FULL",
			"memberIndicator": "N",
			"policyNumber": 0,
			"studentIndicator": "Y",
			"currentPolicies": {
				"Policy": [
					{
						"id": 0,
						"coverset": {
							"code": "000",
							"name": "",
							"studentAgeLimit": 0,
							"coverList": {
								"Cover": [
									{
										"code": "000",
										"name": "",
										"mandatory": "N",
										"selected": "Y",
										"premium": {
											"netSubsidy": 3.141590118408203125,
											"netDeduction": 3.141590118408203125,
											"taxRelief": 3.141590118408203125,
											"lcrAmount": 3.141590118408203125,
											"discount": 3.141590118408203125,
											"netPayment": 3.141590118408203125,
											"grossSubsidy": 3.141590118408203125,
											"grossPremium": 3.141590118408203125,
											"nettPremium": 3.141590118408203125,
											"discountLoyalty": 3.141590118408203125,
											"discountOnline": 3.141590118408203125,
											"discountPayment": 3.141590118408203125
										}
									}
								]
							},
							"discount": {
								"percentage": 0,
								"reason": "String"
							},
							"keyBenefitList": {
								"KeyBenefit": [
									{
										"cohort": "",
										"product": "GL4",
										"coversetCode": "000",
										"coversetName": "",
										"geoCoverage": "0",
										"priority": 0,
										"sectionHeading": "",
										"sectionContent": "",
										"imageCode": ""
									}
								]
							},
							"apmBenefitList": {
								"APMBenefit": [
									{
										"id": 0,
										"type": "0",
										"description": "",
										"banding": "",
										"name": "0"
									}
								]
							}
						},
						"startDate": "1957-08-13",
						"termStartDate": "1957-08-13",
						"termEndDate": "1957-08-13",
						"endDate": "1957-08-13",
						"renewalDate": "1957-08-13",
						"dynamicDaysBeforeRenewal": 0,
						"dynamicDaysAfterRenewal": 0,
						"projectedEndDate": "1957-08-13",
						"coolOffDate": "1957-08-13",
						"regressionCutOffDate": "1957-08-13",
						"webRenewalStartDate": "1957-08-13",
						"webRenewalEndDate": "1957-08-13",
						"lockedInWIPIndicator": "N",
						"customPolProcIndicator": "Y",
						"scheme": {
							"id": 0,
							"token": "",
							"name": "",
							"groupName": "",
							"startDate": "1957-08-13",
							"renewalDate": "1957-08-13",
							"policyRenewalDate": "1957-08-13",
							"earliestStartDate": "1957-08-13",
							"latestEndDate": "1957-08-13",
							"earliestPolicyCreationDate": "1957-08-13",
							"latestPolicyCreationDate": "1957-08-13",
							"webRenewalStartDate": "1957-08-13",
							"webRenewalEndDate": "1957-08-13",
							"suspensionInd": "Y",
							"deduction": "Y",
							"subsidy": "Y",
							"secApprovalRequiredInd": "Y",
							"webNotificationType": "0",
							"webAvailableInd": "Y",
							"webCustomEnrolementInd": "N",
							"vhiOnlineDoctorInd": "N",
							"changesEffectiveRenewalDateInd": "Y",
							"schemePartners": {
								"SchemePartner": [
									{
										"roleType": "0",
										"roleDescription": "",
										"id": 0,
										"fullName": "",
										"address": {
											"id": 0,
											"line1": "aaa",
											"line2": "aaa",
											"line3": "a",
											"line4": "a",
											"line5": "a",
											"postcode": {
												"internalValue": "0",
												"screenValue": ""
											},
											"country": {
												"internalValue": "0",
												"screenValue": ""
											},
											"homeCountry": {
												"internalValue": "0",
												"screenValue": ""
											},
											"countryOfResidence": {
												"internalValue": "0",
												"screenValue": ""
											}
										},
										"mobilePhone": "",
										"workPhone": "",
										"emailAddress": "aaaaa"
									}
								]
							},
							"categoryList": {
								"Category": [
									{
										"id": 0,
										"token": "",
										"name": "aaa",
										"closedDate": "1957-08-13",
										"webCategoryName": "",
										"webRenewalInd": "N",
										"webAvailableInd": "N",
										"memberReferenceLabel": "",
										"memberRefMandatoryInd": "Y",
										"memberReferenceFormat": "",
										"costCentreLabel": "",
										"costCentreMandatoryInd": "N",
										"costCentreFormat": "",
										"newBusiness": "N",
										"midTermAdjustment": "Y",
										"productList": {
											"Product": [
												{
													"name": "",
													"insuranceProduct": "",
													"categoryId": 0,
													"productVersion": 0,
													"versionNo": 0,
													"fromDate": "1957-08-13",
													"toDate": "1957-08-13",
													"subsidyBasis": "",
													"subsidyAvailableIndicator": "N",
													"childAgeLimit": 0,
													"profileList": {
													}
												}
											]
										}
									}
								]
							}
						},
						"category": {
							"id": 0,
							"token": "",
							"name": "aaa",
							"closedDate": "1957-08-13",
							"webCategoryName": "",
							"webRenewalInd": "Y",
							"webAvailableInd": "Y",
							"memberReferenceLabel": "",
							"memberRefMandatoryInd": "N",
							"memberReferenceFormat": "",
							"costCentreLabel": "",
							"costCentreMandatoryInd": "Y",
							"costCentreFormat": "",
							"newBusiness": "Y",
							"midTermAdjustment": "N",
							"productList": {
								"Product": [
									{
										"name": "",
										"insuranceProduct": "",
										"categoryId": 0,
										"productVersion": 0,
										"versionNo": 0,
										"fromDate": "1957-08-13",
										"toDate": "1957-08-13",
										"subsidyBasis": "",
										"subsidyAvailableIndicator": "N",
										"childAgeLimit": 0,
										"profileList": {
											"Profile": [
												{
													"membership": "SPOUSE",
													"recover": "N",
													"coversetList": {
													},
													"subsidyList": {
													},
													"relationshipList": {
													},
													"lcrSubsidyIndicator": "N"
												}
											]
										}
									}
								]
							}
						},
						"type": "TRAVEL",
						"partnerList": {
							"InsuredPerson": [
								{
									"id": 0,
									"personIdentifier": "00000000-0000-1000-8000-000000000000",
									"title": {
										"internalValue": "0",
										"screenValue": ""
									},
									"firstName": "",
									"middleName": "",
									"lastName": "",
									"fullName": "",
									"gender": "Female",
									"dateOfBirth": "1957-08-13",
									"age": 0,
									"primaryAddress": {
										"id": 0,
										"line1": "aaa",
										"line2": "aaa",
										"line3": "a",
										"line4": "a",
										"line5": "a",
										"postcode": {
											"internalValue": "0",
											"screenValue": ""
										},
										"country": {
											"internalValue": "0",
											"screenValue": ""
										},
										"homeCountry": {
											"internalValue": "0",
											"screenValue": ""
										},
										"countryOfResidence": {
											"internalValue": "0",
											"screenValue": ""
										}
									},
									"addressList": {
										"Address": [
											{
												"id": 0,
												"line1": "aaa",
												"line2": "aaa",
												"line3": "a",
												"line4": "a",
												"line5": "a",
												"postcode": {
													"internalValue": "0",
													"screenValue": ""
												},
												"country": {
													"internalValue": "0",
													"screenValue": ""
												},
												"homeCountry": {
													"internalValue": "0",
													"screenValue": ""
												},
												"countryOfResidence": {
													"internalValue": "0",
													"screenValue": ""
												}
											}
										]
									},
									"emailAddress": "aaaaa",
									"homePhone": "",
									"mobilePhone": "",
									"workPhone": "",
									"type": "FULL",
									"memberIndicator": "N",
									"policyNumber": 0,
									"studentIndicator": "Y",
									"studentSubsidyAvailableInd": "N",
									"documentationIndicator": "EMAIL_SMS",
									"marketingPreferences": "",
									"studentDetail": {
										"collegeCode": 0,
										"collegeName": "",
										"startDate": "1957-08-13",
										"endDate": "1957-08-13",
										"endReason": "DEF"
									},
									"ppsNumber": "0000000A",
									"staffNumber": "",
									"costCentre": "",
									"embassy": "",
									"previousHealthInsurer": "",
									"primaryLocation": {
										"tripType": "",
										"country": "",
										"reasonForTraveling": ""
									},
									"insuredFrom": "1957-08-13",
									"insuredTo": "1957-08-13",
									"coverset": {
										"code": "000",
										"name": "",
										"studentAgeLimit": 0,
										"coverList": {
											"Cover": [
												{
													"code": "000",
													"name": "",
													"mandatory": "Y",
													"selected": "N",
													"premium": {
													}
												}
											]
										},
										"discount": {
											"percentage": 0,
											"reason": "String"
										},
										"keyBenefitList": {
											"KeyBenefit": [
												{
													"cohort": "",
													"product": "GL7",
													"coversetCode": "000",
													"coversetName": "",
													"geoCoverage": "0",
													"priority": 0,
													"sectionHeading": "",
													"sectionContent": "",
													"imageCode": ""
												}
											]
										},
										"apmBenefitList": {
											"APMBenefit": [
												{
													"id": 0,
													"type": "0",
													"description": "",
													"banding": "",
													"name": "0"
												}
											]
										}
									},
									"lifeStage": "CHILD",
									"relationship": "CONTR",
									"membershipType": "DEPENDANT",
									"isPolicyHolderIndicator": "Y",
									"removalReason": {
										"internalValue": "0",
										"screenValue": ""
									},
									"premium": {
										"netSubsidy": 3.141590118408203125,
										"netDeduction": 3.141590118408203125,
										"taxRelief": 3.141590118408203125,
										"lcrAmount": 3.141590118408203125,
										"discount": 3.141590118408203125,
										"netPayment": 3.141590118408203125,
										"grossSubsidy": 3.141590118408203125,
										"grossPremium": 3.141590118408203125,
										"nettPremium": 3.141590118408203125,
										"discountLoyalty": 3.141590118408203125,
										"discountOnline": 3.141590118408203125,
										"discountPayment": 3.141590118408203125
									},
									"previousMedicalCoverList": {
										"PreviousMedicalCover": [
											{
												"partnerId": 0,
												"recordType": "UEM",
												"previousMedicalNo": 0,
												"insProvider": {
													"internalValue": "0",
													"screenValue": ""
												},
												"insProviderProduct": {
													"internalValue": "0",
													"screenValue": ""
												},
												"insProviderCoverset": {
													"internalValue": "0",
													"screenValue": ""
												},
												"customerReference": "",
												"customerName": "",
												"effectiveFromDate": "1957-08-13",
												"effectiveToDate": "1957-08-13",
												"declarationDate": "1957-08-13",
												"lcrCreditMonths": 0,
												"lcrUnemploymentMonths": 0,
												"lcrExemptionIndicator": "Y",
												"lcrLoadingPercent": "0"
											}
										]
									},
									"lcrDetails": {
										"age": 0,
										"lcrAge": 0,
										"exemptionIndicator": "Y",
										"creditMonths": 0,
										"unemploymentMonths": 0,
										"loadingPercent": "0"
									},
									"lcrLoading": "0",
									"lcrAge": 0,
									"lcrExemptionIndicator": "Y",
									"overridingLcrRate": "0"
								}
							]
						},
						"endOfTermAction": "LAPSE_AUTOMATICALLY",
						"endOfTermActivity": "REMINDER",
						"policyRenewedIndicator": "N",
						"failedToRenewIndicator": "Y",
						"accountList": {
							"Account": [
								{
									"id": 0,
									"billingPlanList": {
										"BillingPlan": [
											{
												"id": 0,
												"paymentInformation": {
													"billingFrequency": "HALF_YEARLY",
													"paymentMethod": {
														"type": "DEBIT_CREDIT_CARD"
													},
													"serverTransactionId": ""
												},
												"current": "N",
												"nextInstAmount": 3.141590118408203125,
												"nextInstDate": "1957-08-13",
												"remainingInstallments": 0
											}
										]
									}
								}
							]
						},
						"premium": {
							"netSubsidy": 3.141590118408203125,
							"netDeduction": 3.141590118408203125,
							"taxRelief": 3.141590118408203125,
							"lcrAmount": 3.141590118408203125,
							"discount": 3.141590118408203125,
							"netPayment": 3.141590118408203125,
							"grossSubsidy": 3.141590118408203125,
							"grossPremium": 3.141590118408203125,
							"nettPremium": 3.141590118408203125,
							"discountLoyalty": 3.141590118408203125,
							"discountOnline": 3.141590118408203125,
							"discountPayment": 3.141590118408203125
						},
						"geographicalCoverage": {
							"internalValue": "0",
							"screenValue": ""
						},
						"factFindIndicator": "N",
						"medicalNeedsIndicator": "N"
					}
				]
			},
			"associatedPolicies": {
				"Policy": [
					{
						"id": 0,
						"coverset": {
							"code": "000",
							"name": "",
							"studentAgeLimit": 0,
							"coverList": {
								"Cover": [
									{
										"code": "000",
										"name": "",
										"mandatory": "Y",
										"selected": "Y",
										"premium": {
											"netSubsidy": 3.141590118408203125,
											"netDeduction": 3.141590118408203125,
											"taxRelief": 3.141590118408203125,
											"lcrAmount": 3.141590118408203125,
											"discount": 3.141590118408203125,
											"netPayment": 3.141590118408203125,
											"grossSubsidy": 3.141590118408203125,
											"grossPremium": 3.141590118408203125,
											"nettPremium": 3.141590118408203125,
											"discountLoyalty": 3.141590118408203125,
											"discountOnline": 3.141590118408203125,
											"discountPayment": 3.141590118408203125
										}
									}
								]
							},
							"discount": {
								"percentage": 0,
								"reason": "String"
							},
							"keyBenefitList": {
								"KeyBenefit": [
									{
										"cohort": "",
										"product": "PLANP",
										"coversetCode": "000",
										"coversetName": "",
										"geoCoverage": "0",
										"priority": 0,
										"sectionHeading": "",
										"sectionContent": "",
										"imageCode": ""
									}
								]
							},
							"apmBenefitList": {
								"APMBenefit": [
									{
										"id": 0,
										"type": "0",
										"description": "",
										"banding": "",
										"name": "0"
									}
								]
							}
						},
						"startDate": "1957-08-13",
						"termStartDate": "1957-08-13",
						"termEndDate": "1957-08-13",
						"endDate": "1957-08-13",
						"renewalDate": "1957-08-13",
						"dynamicDaysBeforeRenewal": 0,
						"dynamicDaysAfterRenewal": 0,
						"projectedEndDate": "1957-08-13",
						"coolOffDate": "1957-08-13",
						"regressionCutOffDate": "1957-08-13",
						"webRenewalStartDate": "1957-08-13",
						"webRenewalEndDate": "1957-08-13",
						"lockedInWIPIndicator": "N",
						"customPolProcIndicator": "Y",
						"scheme": {
							"id": 0,
							"token": "",
							"name": "",
							"groupName": "",
							"startDate": "1957-08-13",
							"renewalDate": "1957-08-13",
							"policyRenewalDate": "1957-08-13",
							"earliestStartDate": "1957-08-13",
							"latestEndDate": "1957-08-13",
							"earliestPolicyCreationDate": "1957-08-13",
							"latestPolicyCreationDate": "1957-08-13",
							"webRenewalStartDate": "1957-08-13",
							"webRenewalEndDate": "1957-08-13",
							"suspensionInd": "Y",
							"deduction": "Y",
							"subsidy": "N",
							"secApprovalRequiredInd": "Y",
							"webNotificationType": "0",
							"webAvailableInd": "N",
							"webCustomEnrolementInd": "N",
							"vhiOnlineDoctorInd": "Y",
							"changesEffectiveRenewalDateInd": "Y",
							"schemePartners": {
								"SchemePartner": [
									{
										"roleType": "0",
										"roleDescription": "",
										"id": 0,
										"fullName": "",
										"address": {
											"id": 0,
											"line1": "aaa",
											"line2": "aaa",
											"line3": "a",
											"line4": "a",
											"line5": "a",
											"postcode": {
												"internalValue": "0",
												"screenValue": ""
											},
											"country": {
												"internalValue": "0",
												"screenValue": ""
											},
											"homeCountry": {
												"internalValue": "0",
												"screenValue": ""
											},
											"countryOfResidence": {
												"internalValue": "0",
												"screenValue": ""
											}
										},
										"mobilePhone": "",
										"workPhone": "",
										"emailAddress": "aaaaa"
									}
								]
							},
							"categoryList": {
								"Category": [
									{
										"id": 0,
										"token": "",
										"name": "aaa",
										"closedDate": "1957-08-13",
										"webCategoryName": "",
										"webRenewalInd": "Y",
										"webAvailableInd": "Y",
										"memberReferenceLabel": "",
										"memberRefMandatoryInd": "N",
										"memberReferenceFormat": "",
										"costCentreLabel": "",
										"costCentreMandatoryInd": "Y",
										"costCentreFormat": "",
										"newBusiness": "Y",
										"midTermAdjustment": "N",
										"productList": {
											"Product": [
												{
													"name": "",
													"insuranceProduct": "",
													"categoryId": 0,
													"productVersion": 0,
													"versionNo": 0,
													"fromDate": "1957-08-13",
													"toDate": "1957-08-13",
													"subsidyBasis": "",
													"subsidyAvailableIndicator": "N",
													"childAgeLimit": 0,
													"profileList": {
													}
												}
											]
										}
									}
								]
							}
						},
						"category": {
							"id": 0,
							"token": "",
							"name": "aaa",
							"closedDate": "1957-08-13",
							"webCategoryName": "",
							"webRenewalInd": "Y",
							"webAvailableInd": "Y",
							"memberReferenceLabel": "",
							"memberRefMandatoryInd": "Y",
							"memberReferenceFormat": "",
							"costCentreLabel": "",
							"costCentreMandatoryInd": "N",
							"costCentreFormat": "",
							"newBusiness": "Y",
							"midTermAdjustment": "Y",
							"productList": {
								"Product": [
									{
										"name": "",
										"insuranceProduct": "",
										"categoryId": 0,
										"productVersion": 0,
										"versionNo": 0,
										"fromDate": "1957-08-13",
										"toDate": "1957-08-13",
										"subsidyBasis": "",
										"subsidyAvailableIndicator": "N",
										"childAgeLimit": 0,
										"profileList": {
											"Profile": [
												{
													"membership": "MEMBER",
													"recover": "Y",
													"coversetList": {
													},
													"subsidyList": {
													},
													"relationshipList": {
													},
													"lcrSubsidyIndicator": "Y"
												}
											]
										}
									}
								]
							}
						},
						"type": "GL8",
						"partnerList": {
							"InsuredPerson": [
								{
									"id": 0,
									"personIdentifier": "00000000-0000-1000-8000-000000000000",
									"title": {
										"internalValue": "0",
										"screenValue": ""
									},
									"firstName": "",
									"middleName": "",
									"lastName": "",
									"fullName": "",
									"gender": "Male",
									"dateOfBirth": "1957-08-13",
									"age": 0,
									"primaryAddress": {
										"id": 0,
										"line1": "aaa",
										"line2": "aaa",
										"line3": "a",
										"line4": "a",
										"line5": "a",
										"postcode": {
											"internalValue": "0",
											"screenValue": ""
										},
										"country": {
											"internalValue": "0",
											"screenValue": ""
										},
										"homeCountry": {
											"internalValue": "0",
											"screenValue": ""
										},
										"countryOfResidence": {
											"internalValue": "0",
											"screenValue": ""
										}
									},
									"addressList": {
										"Address": [
											{
												"id": 0,
												"line1": "aaa",
												"line2": "aaa",
												"line3": "a",
												"line4": "a",
												"line5": "a",
												"postcode": {
													"internalValue": "0",
													"screenValue": ""
												},
												"country": {
													"internalValue": "0",
													"screenValue": ""
												},
												"homeCountry": {
													"internalValue": "0",
													"screenValue": ""
												},
												"countryOfResidence": {
													"internalValue": "0",
													"screenValue": ""
												}
											}
										]
									},
									"emailAddress": "aaaaa",
									"homePhone": "",
									"mobilePhone": "",
									"workPhone": "",
									"type": "PROSPECT",
									"memberIndicator": "Y",
									"policyNumber": 0,
									"studentIndicator": "N",
									"studentSubsidyAvailableInd": "N",
									"documentationIndicator": "EMAIL",
									"marketingPreferences": "",
									"studentDetail": {
										"collegeCode": 0,
										"collegeName": "",
										"startDate": "1957-08-13",
										"endDate": "1957-08-13",
										"endReason": "TRAN"
									},
									"ppsNumber": "0000000A",
									"staffNumber": "",
									"costCentre": "",
									"embassy": "",
									"previousHealthInsurer": "",
									"primaryLocation": {
										"tripType": "",
										"country": "",
										"reasonForTraveling": ""
									},
									"insuredFrom": "1957-08-13",
									"insuredTo": "1957-08-13",
									"coverset": {
										"code": "000",
										"name": "",
										"studentAgeLimit": 0,
										"coverList": {
											"Cover": [
												{
													"code": "000",
													"name": "",
													"mandatory": "N",
													"selected": "Y",
													"premium": {
													}
												}
											]
										},
										"discount": {
											"percentage": 0,
											"reason": "String"
										},
										"keyBenefitList": {
											"KeyBenefit": [
												{
													"cohort": "",
													"product": "CRP",
													"coversetCode": "000",
													"coversetName": "",
													"geoCoverage": "0",
													"priority": 0,
													"sectionHeading": "",
													"sectionContent": "",
													"imageCode": ""
												}
											]
										},
										"apmBenefitList": {
											"APMBenefit": [
												{
													"id": 0,
													"type": "0",
													"description": "",
													"banding": "",
													"name": "0"
												}
											]
										}
									},
									"lifeStage": "CHILD",
									"relationship": "GCHI",
									"membershipType": "SPOUSE",
									"isPolicyHolderIndicator": "Y",
									"removalReason": {
										"internalValue": "0",
										"screenValue": ""
									},
									"premium": {
										"netSubsidy": 3.141590118408203125,
										"netDeduction": 3.141590118408203125,
										"taxRelief": 3.141590118408203125,
										"lcrAmount": 3.141590118408203125,
										"discount": 3.141590118408203125,
										"netPayment": 3.141590118408203125,
										"grossSubsidy": 3.141590118408203125,
										"grossPremium": 3.141590118408203125,
										"nettPremium": 3.141590118408203125,
										"discountLoyalty": 3.141590118408203125,
										"discountOnline": 3.141590118408203125,
										"discountPayment": 3.141590118408203125
									},
									"previousMedicalCoverList": {
										"PreviousMedicalCover": [
											{
												"partnerId": 0,
												"recordType": "INS",
												"previousMedicalNo": 0,
												"insProvider": {
													"internalValue": "0",
													"screenValue": ""
												},
												"insProviderProduct": {
													"internalValue": "0",
													"screenValue": ""
												},
												"insProviderCoverset": {
													"internalValue": "0",
													"screenValue": ""
												},
												"customerReference": "",
												"customerName": "",
												"effectiveFromDate": "1957-08-13",
												"effectiveToDate": "1957-08-13",
												"declarationDate": "1957-08-13",
												"lcrCreditMonths": 0,
												"lcrUnemploymentMonths": 0,
												"lcrExemptionIndicator": "N",
												"lcrLoadingPercent": "0"
											}
										]
									},
									"lcrDetails": {
										"age": 0,
										"lcrAge": 0,
										"exemptionIndicator": "N",
										"creditMonths": 0,
										"unemploymentMonths": 0,
										"loadingPercent": "0"
									},
									"lcrLoading": "0",
									"lcrAge": 0,
									"lcrExemptionIndicator": "Y",
									"overridingLcrRate": "0"
								}
							]
						},
						"endOfTermAction": "LAPSE_AUTOMATICALLY",
						"endOfTermActivity": "NOTIFY",
						"policyRenewedIndicator": "Y",
						"failedToRenewIndicator": "Y",
						"accountList": {
							"Account": [
								{
									"id": 0,
									"billingPlanList": {
										"BillingPlan": [
											{
												"id": 0,
												"paymentInformation": {
													"billingFrequency": "YEARLY",
													"paymentMethod": {
														"type": "CASH"
													},
													"serverTransactionId": ""
												},
												"current": "N",
												"nextInstAmount": 3.141590118408203125,
												"nextInstDate": "1957-08-13",
												"remainingInstallments": 0
											}
										]
									}
								}
							]
						},
						"premium": {
							"netSubsidy": 3.141590118408203125,
							"netDeduction": 3.141590118408203125,
							"taxRelief": 3.141590118408203125,
							"lcrAmount": 3.141590118408203125,
							"discount": 3.141590118408203125,
							"netPayment": 3.141590118408203125,
							"grossSubsidy": 3.141590118408203125,
							"grossPremium": 3.141590118408203125,
							"nettPremium": 3.141590118408203125,
							"discountLoyalty": 3.141590118408203125,
							"discountOnline": 3.141590118408203125,
							"discountPayment": 3.141590118408203125
						},
						"geographicalCoverage": {
							"internalValue": "0",
							"screenValue": ""
						},
						"factFindIndicator": "N",
						"medicalNeedsIndicator": "N"
					}
				]
			},
			"documentationIndicator": "EMAIL_SMS",
			"marketingPreferences": "",
			"studentDetail": {
				"collegeCode": 0,
				"collegeName": "",
				"startDate": "1957-08-13",
				"endDate": "1957-08-13",
				"endReason": "COMP"
			},
			"ppsNumber": "0000000A",
			"previousHealthInsurer": "",
			"primaryLocation": {
				"tripType": "",
				"country": "",
				"reasonForTraveling": ""
			},
			"previousMedicalCoverList": {
				"PreviousMedicalCover": [
					{
						"partnerId": 0,
						"recordType": "NRS",
						"previousMedicalNo": 0,
						"insProvider": {
							"internalValue": "0",
							"screenValue": ""
						},
						"insProviderProduct": {
							"internalValue": "0",
							"screenValue": ""
						},
						"insProviderCoverset": {
							"internalValue": "0",
							"screenValue": ""
						},
						"customerReference": "",
						"customerName": "",
						"effectiveFromDate": "1957-08-13",
						"effectiveToDate": "1957-08-13",
						"declarationDate": "1957-08-13",
						"lcrCreditMonths": 0,
						"lcrUnemploymentMonths": 0,
						"lcrExemptionIndicator": "Y",
						"lcrLoadingPercent": "0"
					}
				]
			},
			"lcrDetails": {
				"age": 0,
				"lcrAge": 0,
				"exemptionIndicator": "Y",
				"creditMonths": 0,
				"unemploymentMonths": 0,
				"loadingPercent": "0"
			},
			"snapSendClaimInd": "Y",
			"vhiOnlineDoctorInd": "Y",
			"staffNumber": "",
			"costCentre": "",
			"embassy": ""
		}
	}
}